scenario,density_veh_km_lane,hazard_split,weather_split,metric,n_policies,fallback_best,sumo_best,best_changed,kendall_tau,fallback_best_value,sumo_same_policy_value,sumo_best_value,flip_gain,flip_gain_rel
rural_highway,1.0,held_out,held_out,tx_per_at_risk_informed,9,counter_based,p_persistence_03,True,,inf,2.15,1.35,0.7999999999999998,0.3720930232558139
rural_highway,1.0,held_out,held_out,rwcr,9,dvcast,dvcast,False,0.7575757575757576,0.10343996901350574,0.223540021732814,0.223540021732814,0.0,0.0
rural_highway,1.0,held_out,held_out,tir_median_s,9,p_persistence_03,p_persistence_03,False,0.8333333333333334,0.12857142857142895,0.11000000000000046,0.11000000000000046,0.0,0.0
rural_highway,1.0,held_out,held_out,actionable_deadline_miss_rate,9,dvcast,dvcast,False,0.8000946913656627,0.9378030303030304,0.9231818181818182,0.9231818181818182,0.0,0.0
rural_highway,1.0,held_out,train,tx_per_at_risk_informed,9,counter_based,counter_based,False,,inf,inf,inf,,
rural_highway,1.0,held_out,train,rwcr,9,dvcast,slotted_1p,True,0.898645105261295,0.08020730053909311,0.1301400308468157,0.13647639819048316,0.006336367343667465,0.04868884156886232
rural_highway,1.0,held_out,train,tir_median_s,9,p_persistence_03,p_persistence_03,False,0.9296696802013682,0.11250000000000032,0.11818181818181861,0.11818181818181861,0.0,0.0
rural_highway,1.0,held_out,train,actionable_deadline_miss_rate,9,dvcast,flooding,True,0.8657680793384717,0.9449231324231324,0.95,0.9454545454545455,0.004545454545454408,0.004784688995215167
rural_highway,1.0,train,held_out,tx_per_at_risk_informed,9,counter_based,p_persistence_03,True,,inf,2.15,1.35,0.7999999999999998,0.3720930232558139
rural_highway,1.0,train,held_out,rwcr,9,dvcast,dvcast,False,0.7575757575757576,0.10252944272039992,0.23884593584115976,0.23884593584115976,0.0,0.0
rural_highway,1.0,train,held_out,tir_median_s,9,p_persistence_07,p_persistence_03,True,-0.05555555555555555,0.38285714285714306,0.13750000000000043,0.11000000000000047,0.027499999999999955,0.19999999999999904
rural_highway,1.0,train,held_out,actionable_deadline_miss_rate,9,dvcast,dvcast,False,0.8000946913656627,0.9411399711399712,0.9204545454545454,0.9204545454545454,0.0,0.0
rural_highway,1.0,train,train,tx_per_at_risk_informed,9,counter_based,counter_based,False,,inf,inf,inf,,
rural_highway,1.0,train,train,rwcr,9,dvcast,slotted_1p,True,0.898645105261295,0.07694120653835708,0.1390677848425936,0.1458639545812709,0.0067961697386773046,0.048869475747885624
rural_highway,1.0,train,train,tir_median_s,9,p_persistence_07,p_persistence_03,True,-0.3098898934004561,0.9285714285714287,0.16428571428571465,0.11818181818181861,0.046103896103896036,0.28063241106719267
rural_highway,1.0,train,train,actionable_deadline_miss_rate,9,dvcast,flooding,True,0.8657680793384717,0.9448347023347023,0.9483333333333335,0.9436363636363636,0.004696969696969866,0.004952867870266994
rural_highway,2.0,held_out,held_out,tx_per_at_risk_informed,9,greedy_farthest,counter_based,True,0.3333333333333333,1.8692005217005216,1.1305555555555555,0.475,0.6555555555555556,0.5798525798525799
rural_highway,2.0,held_out,held_out,rwcr,9,flooding,slotted_1p,True,0.4351941398892446,0.6841720646490691,0.14895585215325496,0.17013668744151728,0.021180835288262312,0.14219538864757164
rural_highway,2.0,held_out,held_out,tir_median_s,9,p_persistence_03,counter_based,True,0.41247895569215276,0.1428571428571433,0.1000000000000005,0.1000000000000005,0.0,0.0
rural_highway,2.0,held_out,held_out,actionable_deadline_miss_rate,9,flooding,slotted_1p,True,0.37716825457067865,0.49628261216767405,0.9639090909090908,0.9472424242424242,0.016666666666666607,0.017290703888836433
rural_highway,2.0,held_out,train,tx_per_at_risk_informed,9,dvcast,counter_based,True,0.2,1.7780402930402928,1.2416666666666667,0.6,0.6416666666666667,0.5167785234899329
rural_highway,2.0,held_out,train,rwcr,9,slotted_1p,greedy_farthest,True,0.253546276418555,0.6501705946219002,0.12497148735837141,0.17480185094759443,0.04983036358922302,0.398733860359109
rural_highway,2.0,held_out,train,tir_median_s,9,p_persistence_03,p_persistence_03,False,0.5916079783099616,0.17941176470588277,0.1000000000000005,0.1000000000000005,0.0,0.0
rural_highway,2.0,held_out,train,actionable_deadline_miss_rate,9,slotted_1p,greedy_farthest,True,0.253546276418555,0.525147788078869,0.9759416509416509,0.936154354904355,0.039787296037295916,0.0407681094447671
rural_highway,2.0,train,held_out,tx_per_at_risk_informed,9,flooding,counter_based,True,,3.0647233784733787,1.7361111111111112,0.475,1.261111111111111,0.7263999999999999
rural_highway,2.0,train,held_out,rwcr,9,flooding,slotted_1p,True,0.4351941398892446,0.6764802990558425,0.16439054799196987,0.1787529406167004,0.014362392624730547,0.08736750865647165
rural_highway,2.0,train,held_out,tir_median_s,9,p_persistence_03,counter_based,True,0.41247895569215276,0.14545454545454592,0.1000000000000005,0.1000000000000005,0.0,0.0
rural_highway,2.0,train,held_out,actionable_deadline_miss_rate,9,flooding,slotted_1p,True,0.37716825457067865,0.5042187081637546,0.9653021390374331,0.954191027926322,0.011111111111111072,0.011510500869904523
rural_highway,2.0,train,train,tx_per_at_risk_informed,9,dvcast,counter_based,True,1.0,1.9776972564472564,1.2861111111111112,0.6,0.6861111111111112,0.5334773218142549
rural_highway,2.0,train,train,rwcr,9,slotted_1p,greedy_farthest,True,0.253546276418555,0.6358913017614505,0.13317276287854404,0.17156749910039357,0.038394736221849524,0.2883077244321064
rural_highway,2.0,train,train,tir_median_s,9,p_persistence_03,p_persistence_03,False,0.6479515952918626,0.18953488372093066,0.1000000000000005,0.1000000000000005,0.0,0.0
rural_highway,2.0,train,train,actionable_deadline_miss_rate,9,slotted_1p,greedy_farthest,True,0.3098898934004561,0.5362422916873886,0.9810407654610552,0.9509678155351643,0.030072949925890935,0.03065412874230327
rural_highway,3.0,held_out,held_out,tx_per_at_risk_informed,9,greedy_farthest,weighted_p,True,0.5855400437691199,1.4479728288193763,1.525,1.3,0.22499999999999987,0.1475409836065573
rural_highway,3.0,held_out,held_out,rwcr,9,flooding,flooding,False,0.28196295074009653,0.8596359952076004,0.1284091333913446,0.1284091333913446,0.0,0.0
rural_highway,3.0,held_out,held_out,tir_median_s,9,p_persistence_03,counter_based,True,-0.06761234037828133,0.18611111111111142,0.10250000000000051,0.10250000000000051,0.0,0.0
rural_highway,3.0,held_out,held_out,actionable_deadline_miss_rate,9,flooding,flooding,False,0.47809144373375745,0.33026098921762864,0.9642548798798799,0.9642548798798799,0.0,0.0
rural_highway,3.0,held_out,train,tx_per_at_risk_informed,9,greedy_farthest,counter_based,True,1.0,1.3859101249627566,1.7321428571428572,1.45,0.28214285714285725,0.1628865979381444
rural_highway,3.0,held_out,train,rwcr,9,flooding,flooding,False,0.46291004988627577,0.8401550130471959,0.11111484400219136,0.11111484400219136,0.0,0.0
rural_highway,3.0,held_out,train,tir_median_s,9,p_persistence_03,counter_based,True,0.2160246899469287,0.16578947368421088,0.1050000000000005,0.1050000000000005,0.0,0.0
rural_highway,3.0,held_out,train,actionable_deadline_miss_rate,9,flooding,flooding,False,0.5635445125120265,0.35552853142684365,0.9723556998556999,0.9723556998556999,0.0,0.0
rural_highway,3.0,train,held_out,tx_per_at_risk_informed,9,greedy_farthest,weighted_p,True,0.3333333333333333,1.5130766209661923,1.5583333333333333,1.2916666666666667,0.2666666666666666,0.17112299465240638
rural_highway,3.0,train,held_out,rwcr,9,flooding,flooding,False,0.28196295074009653,0.8548097636493396,0.129214292636218,0.129214292636218,0.0,0.0
rural_highway,3.0,train,held_out,tir_median_s,9,p_persistence_03,counter_based,True,-0.06761234037828133,0.20096153846153875,0.1025000000000005,0.1025000000000005,0.0,0.0
rural_highway,3.0,train,held_out,actionable_deadline_miss_rate,9,flooding,flooding,False,0.47809144373375745,0.33645778093957823,0.9696967056342057,0.9696967056342057,0.0,0.0
rural_highway,3.0,train,train,tx_per_at_risk_informed,9,greedy_farthest,weighted_p,True,1.0,1.4697265476611452,1.7714285714285716,1.4416666666666667,0.3297619047619049,0.1861559139784947
rural_highway,3.0,train,train,rwcr,9,flooding,flooding,False,0.43482827673933633,0.8385357279578447,0.11067334948456195,0.11067334948456195,0.0,0.0
rural_highway,3.0,train,train,tir_median_s,9,p_persistence_03,dvcast,True,0.2608969660436018,0.17843137254901995,0.10500000000000048,0.10500000000000048,0.0,0.0
rural_highway,3.0,train,train,actionable_deadline_miss_rate,9,flooding,flooding,False,0.550782483869826,0.36176185066268135,0.9779246332371333,0.9779246332371333,0.0,0.0
rural_highway,5.0,held_out,held_out,tx_per_at_risk_informed,9,p_persistence_03,p_persistence_03,False,0.6666666666666666,0.8765689865689866,1.0209864075982495,1.0209864075982495,0.0,0.0
rural_highway,5.0,held_out,held_out,rwcr,9,flooding,dvcast,True,0.6666666666666666,0.8925393888568405,0.8258960062992392,0.8319244621696494,0.006028455870410232,0.007299291707951422
rural_highway,5.0,held_out,held_out,tir_median_s,9,p_persistence_03,p_persistence_03,False,0.8888888888888888,0.21500000000000039,0.2925000000000003,0.2925000000000003,0.0,0.0
rural_highway,5.0,held_out,held_out,actionable_deadline_miss_rate,9,flooding,dvcast,True,0.6666666666666666,0.3299040657228255,0.4135988387310439,0.4071472258278181,0.006451612903225823,0.015598721028859546
rural_highway,5.0,held_out,train,tx_per_at_risk_informed,9,p_persistence_03,greedy_farthest,True,0.8888888888888888,0.7633154633464231,1.2046206571206572,1.1630025025483948,0.04161815457226248,0.03454876381726693
rural_highway,5.0,held_out,train,rwcr,9,flooding,greedy_farthest,True,0.5916079783099616,0.891729759240417,0.8066018538490193,0.8253835849438227,0.01878173109480341,0.02328500858903183
rural_highway,5.0,held_out,train,tir_median_s,9,p_persistence_03,p_persistence_03,False,0.9276336570439175,0.22250000000000045,0.28000000000000025,0.28000000000000025,0.0,0.0
rural_highway,5.0,held_out,train,actionable_deadline_miss_rate,9,flooding,greedy_farthest,True,0.5916079783099616,0.3295453791641311,0.40910714285714284,0.3932949862637362,0.015812156593406623,0.0386504045932244
rural_highway,5.0,train,held_out,tx_per_at_risk_informed,9,greedy_farthest,greedy_farthest,False,0.8095238095238095,1.3095261591563636,1.2539311222786453,1.2539311222786453,0.0,0.0
rural_highway,5.0,train,held_out,rwcr,9,flooding,flooding,False,0.8333333333333334,0.8880999117506206,0.8244532944468123,0.8244532944468123,0.0,0.0
rural_highway,5.0,train,held_out,tir_median_s,9,p_persistence_03,p_persistence_03,False,0.873326063219467,0.24272727272727315,0.30000000000000027,0.30000000000000027,0.0,0.0
rural_highway,5.0,train,held_out,actionable_deadline_miss_rate,9,flooding,flooding,False,0.8333333333333334,0.34005700205401707,0.42243823261559654,0.42243823261559654,0.0,0.0
rural_highway,5.0,train,train,tx_per_at_risk_informed,9,greedy_farthest,greedy_farthest,False,1.0,1.2932058820775592,1.245694733064785,1.245694733064785,0.0,0.0
rural_highway,5.0,train,train,rwcr,9,flooding,counter_based,True,0.6479515952918626,0.8869972402873804,0.8105560877953276,0.8193315646484608,0.00877547685313318,0.01082648935128233
rural_highway,5.0,train,train,tir_median_s,9,p_persistence_03,p_persistence_03,False,0.9296696802013682,0.24732142857142905,0.31083333333333363,0.31083333333333363,0.0,0.0
rural_highway,5.0,train,train,actionable_deadline_miss_rate,9,flooding,greedy_farthest,True,0.5352643613280604,0.3386883931470823,0.41464251193578555,0.4053380127761933,0.00930449915959225,0.022439809936886573
urban_nlos,1.0,held_out,held_out,tx_per_at_risk_informed,9,slotted_1p,counter_based,True,,1.7671987734487735,inf,inf,,
urban_nlos,1.0,held_out,held_out,rwcr,9,flooding,flooding,False,0.7777777777777778,0.5841086349688805,0.17489523475620794,0.17489523475620794,0.0,0.0
urban_nlos,1.0,held_out,held_out,tir_median_s,9,flooding,p_persistence_07,True,0.3888888888888889,4.19,3.4368421052631586,3.3894736842105266,0.04736842105263195,0.01378254211332323
urban_nlos,1.0,held_out,held_out,actionable_deadline_miss_rate,9,flooding,flooding,False,0.7777777777777778,0.4637540421180127,0.8559247187728657,0.8559247187728657,0.0,0.0
urban_nlos,1.0,held_out,train,tx_per_at_risk_informed,9,p_persistence_07,counter_based,True,,1.674345238095238,inf,inf,,
urban_nlos,1.0,held_out,train,rwcr,9,flooding,flooding,False,0.8888888888888888,0.6150591031859693,0.15024891908818835,0.15024891908818835,0.0,0.0
urban_nlos,1.0,held_out,train,tir_median_s,9,p_persistence_07,p_persistence_03,True,-0.2777777777777778,4.015000000000001,2.2394736842105267,2.1921052631578952,0.047368421052631504,0.021151586368977637
urban_nlos,1.0,held_out,train,actionable_deadline_miss_rate,9,flooding,flooding,False,0.8333333333333334,0.4215797397047397,0.8689353797922751,0.8689353797922751,0.0,0.0
urban_nlos,1.0,train,held_out,tx_per_at_risk_informed,9,counter_based,counter_based,False,,inf,inf,inf,,
urban_nlos,1.0,train,held_out,rwcr,9,flooding,flooding,False,0.7777777777777778,0.5986274545167344,0.18490508274225473,0.18490508274225473,0.0,0.0
urban_nlos,1.0,train,held_out,tir_median_s,9,flooding,p_persistence_07,True,0.4444444444444444,4.264406779661018,8.043859649122808,7.996491228070176,0.04736842105263239,0.00588876772082889
urban_nlos,1.0,train,held_out,actionable_deadline_miss_rate,9,flooding,flooding,False,0.8333333333333334,0.4528939007615478,0.885545489784834,0.885545489784834,0.0,0.0
urban_nlos,1.0,train,train,tx_per_at_risk_informed,9,p_persistence_07,counter_based,True,,1.7427777777777778,inf,inf,,
urban_nlos,1.0,train,train,rwcr,9,flooding,flooding,False,0.8888888888888888,0.6190662095084064,0.16179068004969502,0.16179068004969502,0.0,0.0
urban_nlos,1.0,train,train,tir_median_s,9,p_persistence_07,p_persistence_05,True,-0.1111111111111111,4.034166666666668,5.021929824561403,4.979824561403509,0.04210526315789398,0.008384279475982382
urban_nlos,1.0,train,train,actionable_deadline_miss_rate,9,flooding,flooding,False,0.8888888888888888,0.41895817145817144,0.873225181838112,0.873225181838112,0.0,0.0
urban_nlos,2.0,held_out,held_out,tx_per_at_risk_informed,9,weighted_p,p_persistence_07,True,0.0,0.8680697066726815,inf,1.3495131715263295,inf,
urban_nlos,2.0,held_out,held_out,rwcr,9,flooding,slotted_1p,True,0.7777777777777778,0.9128922204749761,0.34399275174830174,0.35485456027551576,0.010861808527214023,0.031575690103963494
urban_nlos,2.0,held_out,held_out,tir_median_s,9,p_persistence_03,p_persistence_03,False,0.8333333333333334,0.15000000000000036,0.23888888888888923,0.23888888888888923,0.0,0.0
urban_nlos,2.0,held_out,held_out,actionable_deadline_miss_rate,9,flooding,slotted_1p,True,0.7777777777777778,0.1510756397333149,0.6611296928101873,0.6502672160398408,0.010862476770346463,0.016430175332429246
urban_nlos,2.0,held_out,train,tx_per_at_risk_informed,9,p_persistence_05,counter_based,True,,1.0221526637352119,inf,inf,,
urban_nlos,2.0,held_out,train,rwcr,9,flooding,greedy_farthest,True,0.7222222222222222,0.9493339098179041,0.27823695328735887,0.2807626955725706,0.0025257422852117406,0.009077666554964009
urban_nlos,2.0,held_out,train,tir_median_s,9,p_persistence_03,p_persistence_03,False,0.7222222222222222,0.20789473684210552,0.5437500000000003,0.5437500000000003,0.0,0.0
urban_nlos,2.0,held_out,train,actionable_deadline_miss_rate,9,flooding,flooding,False,0.7777777777777778,0.10793489523190866,0.7274174999831936,0.7274174999831936,0.0,0.0
urban_nlos,2.0,train,held_out,tx_per_at_risk_informed,9,weighted_p,p_persistence_07,True,0.0,0.9165317458306589,inf,1.483838553097325,inf,
urban_nlos,2.0,train,held_out,rwcr,9,flooding,slotted_1p,True,0.7777777777777778,0.9135407110644851,0.3652584102651671,0.36819905776638673,0.00294064750121964,0.008050868696178179
urban_nlos,2.0,train,held_out,tir_median_s,9,p_persistence_03,p_persistence_03,False,0.8333333333333334,0.1464912280701758,0.9036363636363639,0.9036363636363639,0.0,0.0
urban_nlos,2.0,train,held_out,actionable_deadline_miss_rate,9,flooding,slotted_1p,True,0.7777777777777778,0.15182533408700413,0.6676712156530107,0.6641888216851825,0.0034823939678282345,0.0052157317646565095
urban_nlos,2.0,train,train,tx_per_at_risk_informed,9,weighted_p,counter_based,True,,1.0367349969432014,inf,inf,,
urban_nlos,2.0,train,train,rwcr,9,flooding,flooding,False,0.7777777777777778,0.9488957281334414,0.31132002241217116,0.31132002241217116,0.0,0.0
urban_nlos,2.0,train,train,tir_median_s,9,p_persistence_03,weighted_p,True,0.6111111111111112,0.1982758620689658,2.107692307692308,2.069444444444445,0.03824786324786311,0.018146796431467896
urban_nlos,2.0,train,train,actionable_deadline_miss_rate,9,flooding,flooding,False,0.7777777777777778,0.10981201436567188,0.7253073130264159,0.7253073130264159,0.0,0.0
urban_nlos,3.0,held_out,held_out,tx_per_at_risk_informed,9,counter_based,counter_based,False,,inf,inf,inf,,
urban_nlos,3.0,held_out,held_out,rwcr,9,flooding,dvcast,True,0.7777777777777778,0.9160410306461472,0.38575462555130813,0.3866151046454561,0.0008604790941479923,0.002230638434777608
urban_nlos,3.0,held_out,held_out,tir_median_s,9,p_persistence_03,p_persistence_03,False,0.5555555555555556,0.2718750000000004,0.20625000000000038,0.20625000000000038,0.0,0.0
urban_nlos,3.0,held_out,held_out,actionable_deadline_miss_rate,9,flooding,dvcast,True,0.7777777777777778,0.13074461947347787,0.6205952312370003,0.6201517566881896,0.00044347454881077386,0.0007145954826736567
urban_nlos,3.0,held_out,train,tx_per_at_risk_informed,9,p_persistence_03,greedy_farthest,True,0.6,0.6537187163541652,inf,1.2174071160263442,inf,
urban_nlos,3.0,held_out,train,rwcr,9,flooding,flooding,False,0.5555555555555556,0.9745270505358402,0.41516050832542495,0.41516050832542495,0.0,0.0
urban_nlos,3.0,held_out,train,tir_median_s,9,p_persistence_03,p_persistence_03,False,0.5555555555555556,0.20500000000000043,0.17647058823529455,0.17647058823529455,0.0,0.0
urban_nlos,3.0,held_out,train,actionable_deadline_miss_rate,9,flooding,flooding,False,0.5555555555555556,0.07307746958902282,0.5933418843952558,0.5933418843952558,0.0,0.0
urban_nlos,3.0,train,held_out,tx_per_at_risk_informed,9,counter_based,counter_based,False,,inf,inf,inf,,
urban_nlos,3.0,train,held_out,rwcr,9,flooding,flooding,False,0.8333333333333334,0.9151055798020556,0.4038001634955331,0.4038001634955331,0.0,0.0
urban_nlos,3.0,train,held_out,tir_median_s,9,p_persistence_03,p_persistence_03,False,0.6111111111111112,0.2607843137254906,0.6790000000000005,0.6790000000000005,0.0,0.0
urban_nlos,3.0,train,held_out,actionable_deadline_miss_rate,9,flooding,dvcast,True,0.7777777777777778,0.1334391120485945,0.6225925718579055,0.6206070291518909,0.001985542706014587,0.0031891525786911378
urban_nlos,3.0,train,train,tx_per_at_risk_informed,9,p_persistence_03,dvcast,True,1.0,0.652482452173522,inf,1.3488524159433615,inf,
urban_nlos,3.0,train,train,rwcr,9,flooding,flooding,False,0.6111111111111112,0.973457041510914,0.42603312199133164,0.42603312199133164,0.0,0.0
urban_nlos,3.0,train,train,tir_median_s,9,p_persistence_03,p_persistence_03,False,0.5555555555555556,0.2050000000000004,0.642592592592593,0.642592592592593,0.0,0.0
urban_nlos,3.0,train,train,actionable_deadline_miss_rate,9,flooding,flooding,False,0.6111111111111112,0.07529119381616924,0.594684384934977,0.594684384934977,0.0,0.0
urban_nlos,5.0,held_out,held_out,tx_per_at_risk_informed,9,p_persistence_03,p_persistence_03,False,0.8333333333333334,0.6289932521022006,0.6657165033934198,0.6657165033934198,0.0,0.0
urban_nlos,5.0,held_out,held_out,rwcr,9,flooding,flooding,False,0.6111111111111112,0.9674765019783493,0.44234495497421156,0.44234495497421156,0.0,0.0
urban_nlos,5.0,held_out,held_out,tir_median_s,9,p_persistence_03,p_persistence_03,False,0.9444444444444444,0.25138888888888933,0.2450000000000004,0.2450000000000004,0.0,0.0
urban_nlos,5.0,held_out,held_out,actionable_deadline_miss_rate,9,flooding,flooding,False,0.6111111111111112,0.08548901639287364,0.5651747131647563,0.5651747131647563,0.0,0.0
urban_nlos,5.0,held_out,train,tx_per_at_risk_informed,9,counter_based,p_persistence_03,True,,inf,inf,0.5919148262176183,inf,
urban_nlos,5.0,held_out,train,rwcr,9,flooding,flooding,False,0.7777777777777778,0.9188909859505141,0.43415164548024315,0.43415164548024315,0.0,0.0
urban_nlos,5.0,held_out,train,tir_median_s,9,flooding,p_persistence_03,True,0.7222222222222222,0.3052631578947375,0.4050000000000004,0.25000000000000033,0.15500000000000008,0.38271604938271586
urban_nlos,5.0,held_out,train,actionable_deadline_miss_rate,9,flooding,flooding,False,0.9444444444444444,0.12983169608736253,0.5743681605300568,0.5743681605300568,0.0,0.0
urban_nlos,5.0,train,held_out,tx_per_at_risk_informed,9,p_persistence_03,p_persistence_03,False,0.8333333333333334,0.622184264274092,0.7327058234904344,0.7327058234904344,0.0,0.0
urban_nlos,5.0,train,held_out,rwcr,9,flooding,flooding,False,0.6666666666666666,0.9654883711263766,0.44825079473255935,0.44825079473255935,0.0,0.0
urban_nlos,5.0,train,held_out,tir_median_s,9,p_persistence_03,p_persistence_03,False,0.9444444444444444,0.27363636363636407,0.31333333333333374,0.31333333333333374,0.0,0.0
urban_nlos,5.0,train,held_out,actionable_deadline_miss_rate,9,flooding,flooding,False,0.6666666666666666,0.08926276629639072,0.5644607274312275,0.5644607274312275,0.0,0.0
urban_nlos,5.0,train,train,tx_per_at_risk_informed,9,counter_based,p_persistence_05,True,,inf,inf,1.0134220123187279,inf,
urban_nlos,5.0,train,train,rwcr,9,flooding,flooding,False,0.6666666666666666,0.9191416781262618,0.4422698128404386,0.4422698128404386,0.0,0.0
urban_nlos,5.0,train,train,tir_median_s,9,flooding,p_persistence_03,True,0.8333333333333334,0.30438596491228137,0.4333333333333337,0.25423728813559354,0.17909604519774014,0.41329856584093844
urban_nlos,5.0,train,train,actionable_deadline_miss_rate,9,flooding,flooding,False,0.7777777777777778,0.1301301376645338,0.5713461975685624,0.5713461975685624,0.0,0.0
